{
  "IcoMoonType": "selection",
  "icons": [
    {
      "icon": {
        "paths": [
          "M512 32l-512 512 96 96 96-96v416h256v-192h128v192h256v-416l96 96 96-96-512-512zM512 448c-35.346 0-64-28.654-64-64s28.654-64 64-64c35.346 0 64 28.654 64 64s-28.654 64-64 64z"
        ],
        "tags": [
          "home",
          "house"
        ],
        "defaultCode": 59649,
        "grid": 16,
        "attrs": []
      },
      "attrs": [],
      "properties": {
        "ligatures": "home2, house2",
        "name": "home2",
        "order": 28,
        "id": 2,
        "prevSize": 32,
        "code": 59649
      },
      "setIdx": 0,
      "setId": 1,
      "iconIdx": 1
    },
    {
      "icon": {
        "paths": [
          "M304 608c0 114.876 93.124 208 208 208s208-93.124 208-208-93.124-208-208-208-208 93.124-208 208zM960 256h-224c-16-64-32-128-96-128h-256c-64 0-80 64-96 128h-224c-35.2 0-64 28.8-64 64v576c0 35.2 28.8 64 64 64h896c35.2 0 64-28.8 64-64v-576c0-35.2-28.8-64-64-64zM512 892c-156.85 0-284-127.148-284-284 0-156.85 127.15-284 284-284 156.852 0 284 127.15 284 284 0 156.852-127.146 284-284 284zM960 448h-128v-64h128v64z"
        ],
        "tags": [
          "camera",
          "photo",
          "picture",
          "image"
        ],
        "defaultCode": 59663,
        "grid": 16,
        "attrs": []
      },
      "attrs": [],
      "properties": {
        "ligatures": "camera, photo",
        "name": "camera",
        "order": 29,
        "id": 16,
        "prevSize": 32,
        "code": 59663
      },
      "setIdx": 0,
      "setId": 1,
      "iconIdx": 15
    },
    {
      "icon": {
        "width": 1088,
        "paths": [
          "M1024 960v-64h-64v-384h64v-64h-192v64h64v384h-192v-384h64v-64h-192v64h64v384h-192v-384h64v-64h-192v64h64v384h-192v-384h64v-64h-192v64h64v384h-64v64h-64v64h1088v-64h-64z",
          "M512 0h64l512 320v64h-1088v-64l512-320z"
        ],
        "tags": [
          "library",
          "bank",
          "building"
        ],
        "defaultCode": 59681,
        "grid": 16,
        "attrs": []
      },
      "attrs": [],
      "properties": {
        "ligatures": "library2, bank",
        "name": "library",
        "order": 30,
        "id": 34,
        "prevSize": 32,
        "code": 59681
      },
      "setIdx": 0,
      "setId": 1,
      "iconIdx": 33
    },
    {
      "icon": {
        "paths": [
          "M832 960l192-512h-832l-192 512zM128 384l-128 576v-832h288l128 128h416v128z"
        ],
        "tags": [
          "folder-open",
          "directory",
          "category",
          "browse"
        ],
        "defaultCode": 59696,
        "grid": 16,
        "attrs": []
      },
      "attrs": [],
      "properties": {
        "ligatures": "folder-open, directory2",
        "name": "folder-open",
        "order": 31,
        "id": 49,
        "prevSize": 32,
        "code": 59696
      },
      "setIdx": 0,
      "setId": 1,
      "iconIdx": 48
    },
    {
      "icon": {
        "paths": [
          "M928 128h-832c-52.8 0-96 43.2-96 96v640c0 52.8 43.2 96 96 96h832c52.8 0 96-43.2 96-96v-640c0-52.8-43.2-96-96-96zM398.74 550.372l-270.74 210.892v-501.642l270.74 290.75zM176.38 256h671.24l-335.62 252-335.62-252zM409.288 561.698l102.712 110.302 102.71-110.302 210.554 270.302h-626.528l210.552-270.302zM625.26 550.372l270.74-290.75v501.642l-270.74-210.892z"
        ],
        "tags": [
          "envelop",
          "mail",
          "email",
          "contact",
          "letter"
        ],
        "defaultCode": 59717,
        "grid": 16,
        "attrs": []
      },
      "attrs": [],
      "properties": {
        "ligatures": "envelop, mail",
        "name": "envelop",
        "order": 13,
        "id": 70,
        "prevSize": 32,
        "code": 59717
      },
      "setIdx": 0,
      "setId": 1,
      "iconIdx": 69
    },
    {
      "icon": {
        "paths": [
          "M0 64v896h1024v-896h-1024zM960 896h-896v-768h896v768zM896 192h-768v640h768v-640zM448 512h-64v64h-64v64h-64v-64h64v-64h64v-64h-64v-64h-64v-64h64v64h64v64h64v64zM704 640h-192v-64h192v64z"
        ],
        "tags": [
          "terminal",
          "console",
          "cmd",
          "command-line"
        ],
        "defaultCode": 60033,
        "grid": 16,
        "attrs": []
      },
      "attrs": [],
      "properties": {
        "ligatures": "terminal, console",
        "name": "terminal",
        "order": 27,
        "id": 386,
        "prevSize": 32,
        "code": 60033
      },
      "setIdx": 0,
      "setId": 1,
      "iconIdx": 385
    },
    {
      "icon": {
        "paths": [
          "M325.8 457.4v111.8h184.8c-7.4 48-55.8 140.6-184.8 140.6-111.2 0-202-92.2-202-205.8s90.8-205.8 202-205.8c63.4 0 105.6 27 129.8 50.2l88.4-85.2c-56.8-53-130.4-85.2-218.2-85.2-180.2 0.2-325.8 145.8-325.8 326s145.6 325.8 325.8 325.8c188 0 312.8-132.2 312.8-318.4 0-21.4-2.4-37.8-5.2-54h-307.6z",
          "M1024 448h-96v-96h-96v96h-96v96h96v96h96v-96h96z"
        ],
        "tags": [
          "google-plus",
          "brand",
          "social"
        ],
        "defaultCode": 60043,
        "grid": 16,
        "attrs": []
      },
      "attrs": [],
      "properties": {
        "ligatures": "google-plus, brand5",
        "name": "google-plus",
        "order": 3,
        "id": 396,
        "prevSize": 32,
        "code": 60043
      },
      "setIdx": 0,
      "setId": 1,
      "iconIdx": 395
    },
    {
      "icon": {
        "paths": [
          "M438 640l-184.6 320h580.6l184.6-320z",
          "M992.4 576l-295.6-512h-369.6l295.6 512z",
          "M290.2 128l-290.2 502.8 184.8 320 290.2-502.8z"
        ],
        "tags": [
          "google-drive",
          "brand"
        ],
        "defaultCode": 60047,
        "grid": 16,
        "attrs": []
      },
      "attrs": [],
      "properties": {
        "ligatures": "google-drive, brand9",
        "name": "google-drive",
        "order": 26,
        "id": 400,
        "prevSize": 32,
        "code": 60047
      },
      "setIdx": 0,
      "setId": 1,
      "iconIdx": 399
    },
    {
      "icon": {
        "paths": [
          "M608 192h160v-192h-160c-123.514 0-224 100.486-224 224v96h-128v192h128v512h192v-512h160l32-192h-192v-96c0-17.346 14.654-32 32-32z"
        ],
        "tags": [
          "facebook",
          "brand",
          "social"
        ],
        "defaultCode": 60048,
        "grid": 16,
        "attrs": []
      },
      "attrs": [],
      "properties": {
        "ligatures": "facebook, brand10",
        "name": "facebook",
        "order": 4,
        "id": 401,
        "prevSize": 32,
        "code": 60048
      },
      "setIdx": 0,
      "setId": 1,
      "iconIdx": 400
    },
    {
      "icon": {
        "paths": [
          "M512 92.2c136.8 0 153 0.6 206.8 3 50 2.2 77 10.6 95 17.6 23.8 9.2 41 20.4 58.8 38.2 18 18 29 35 38.4 58.8 7 18 15.4 45.2 17.6 95 2.4 54 3 70.2 3 206.8s-0.6 153-3 206.8c-2.2 50-10.6 77-17.6 95-9.2 23.8-20.4 41-38.2 58.8-18 18-35 29-58.8 38.4-18 7-45.2 15.4-95 17.6-54 2.4-70.2 3-206.8 3s-153-0.6-206.8-3c-50-2.2-77-10.6-95-17.6-23.8-9.2-41-20.4-58.8-38.2-18-18-29-35-38.4-58.8-7-18-15.4-45.2-17.6-95-2.4-54-3-70.2-3-206.8s0.6-153 3-206.8c2.2-50 10.6-77 17.6-95 9.2-23.8 20.4-41 38.2-58.8 18-18 35-29 58.8-38.4 18-7 45.2-15.4 95-17.6 53.8-2.4 70-3 206.8-3zM512 0c-139 0-156.4 0.6-211 3-54.4 2.4-91.8 11.2-124.2 23.8-33.8 13.2-62.4 30.6-90.8 59.2-28.6 28.4-46 57-59.2 90.6-12.6 32.6-21.4 69.8-23.8 124.2-2.4 54.8-3 72.2-3 211.2s0.6 156.4 3 211c2.4 54.4 11.2 91.8 23.8 124.2 13.2 33.8 30.6 62.4 59.2 90.8 28.4 28.4 57 46 90.6 59 32.6 12.6 69.8 21.4 124.2 23.8 54.6 2.4 72 3 211 3s156.4-0.6 211-3c54.4-2.4 91.8-11.2 124.2-23.8 33.6-13 62.2-30.6 90.6-59s46-57 59-90.6c12.6-32.6 21.4-69.8 23.8-124.2 2.4-54.6 3-72 3-211s-0.6-156.4-3-211c-2.4-54.4-11.2-91.8-23.8-124.2-12.6-34-30-62.6-58.6-91-28.4-28.4-57-46-90.6-59-32.6-12.6-69.8-21.4-124.2-23.8-54.8-2.6-72.2-3.2-211.2-3.2v0z",
          "M512 249c-145.2 0-263 117.8-263 263s117.8 263 263 263 263-117.8 263-263c0-145.2-117.8-263-263-263zM512 682.6c-94.2 0-170.6-76.4-170.6-170.6s76.4-170.6 170.6-170.6c94.2 0 170.6 76.4 170.6 170.6s-76.4 170.6-170.6 170.6z",
          "M846.8 238.6c0 33.91-27.49 61.4-61.4 61.4s-61.4-27.49-61.4-61.4c0-33.91 27.49-61.4 61.4-61.4s61.4 27.49 61.4 61.4z"
        ],
        "tags": [
          "instagram",
          "brand",
          "social"
        ],
        "defaultCode": 60050,
        "grid": 16,
        "attrs": []
      },
      "attrs": [],
      "properties": {
        "ligatures": "instagram, brand12",
        "name": "instagram",
        "order": 5,
        "id": 403,
        "prevSize": 32,
        "code": 60050
      },
      "setIdx": 0,
      "setId": 1,
      "iconIdx": 402
    },
    {
      "icon": {
        "paths": [
          "M873 148.8c-95.8-96-223.2-148.8-359-148.8-279.6 0-507.2 227.6-507.2 507.4 0 89.4 23.4 176.8 67.8 253.6l-72 263 269-70.6c74.2 40.4 157.6 61.8 242.4 61.8h0.2c0 0 0 0 0 0 279.6 0 507.4-227.6 507.4-507.4 0-135.6-52.8-263-148.6-359zM514.2 929.6v0c-75.8 0-150-20.4-214.8-58.8l-15.4-9.2-159.6 41.8 42.6-155.6-10-16c-42.4-67-64.6-144.6-64.6-224.4 0-232.6 189.2-421.8 422-421.8 112.6 0 218.6 44 298.2 123.6 79.6 79.8 123.4 185.6 123.4 298.4-0.2 232.8-189.4 422-421.8 422zM745.4 613.6c-12.6-6.4-75-37-86.6-41.2s-20-6.4-28.6 6.4c-8.4 12.6-32.8 41.2-40.2 49.8-7.4 8.4-14.8 9.6-27.4 3.2s-53.6-19.8-102-63c-37.6-33.6-63.2-75.2-70.6-87.8s-0.8-19.6 5.6-25.8c5.8-5.6 12.6-14.8 19-22.2s8.4-12.6 12.6-21.2c4.2-8.4 2.2-15.8-1-22.2s-28.6-68.8-39-94.2c-10.2-24.8-20.8-21.4-28.6-21.8-7.4-0.4-15.8-0.4-24.2-0.4s-22.2 3.2-33.8 15.8c-11.6 12.6-44.4 43.4-44.4 105.8s45.4 122.6 51.8 131.2c6.4 8.4 89.4 136.6 216.6 191.4 30.2 13 53.8 20.8 72.2 26.8 30.4 9.6 58 8.2 79.8 5 24.4-3.6 75-30.6 85.6-60.2s10.6-55 7.4-60.2c-3-5.6-11.4-8.8-24.2-15.2z"
        ],
        "tags": [
          "whatsapp",
          "brand",
          "social"
        ],
        "defaultCode": 60051,
        "grid": 16,
        "attrs": []
      },
      "attrs": [],
      "properties": {
        "name": "whatsapp",
        "ligatures": "whatsapp, brand13",
        "order": 25,
        "id": 404,
        "prevSize": 32,
        "code": 60051
      },
      "setIdx": 0,
      "setId": 1,
      "iconIdx": 403
    },
    {
      "icon": {
        "paths": [
          "M1024 226.4c-37.6 16.8-78.2 28-120.6 33 43.4-26 76.6-67.2 92.4-116.2-40.6 24-85.6 41.6-133.4 51-38.4-40.8-93-66.2-153.4-66.2-116 0-210 94-210 210 0 16.4 1.8 32.4 5.4 47.8-174.6-8.8-329.4-92.4-433-219.6-18 31-28.4 67.2-28.4 105.6 0 72.8 37 137.2 93.4 174.8-34.4-1-66.8-10.6-95.2-26.2 0 0.8 0 1.8 0 2.6 0 101.8 72.4 186.8 168.6 206-17.6 4.8-36.2 7.4-55.4 7.4-13.6 0-26.6-1.4-39.6-3.8 26.8 83.4 104.4 144.2 196.2 146-72 56.4-162.4 90-261 90-17 0-33.6-1-50.2-3 93.2 59.8 203.6 94.4 322.2 94.4 386.4 0 597.8-320.2 597.8-597.8 0-9.2-0.2-18.2-0.6-27.2 41-29.4 76.6-66.4 104.8-108.6z"
        ],
        "tags": [
          "twitter",
          "brand",
          "tweet",
          "social"
        ],
        "defaultCode": 60054,
        "grid": 16,
        "attrs": []
      },
      "attrs": [],
      "properties": {
        "ligatures": "twitter, brand16",
        "name": "twitter",
        "order": 6,
        "id": 407,
        "prevSize": 32,
        "code": 60054
      },
      "setIdx": 0,
      "setId": 1,
      "iconIdx": 406
    },
    {
      "icon": {
        "paths": [
          "M136.294 750.93c-75.196 0-136.292 61.334-136.292 136.076 0 75.154 61.1 135.802 136.292 135.802 75.466 0 136.494-60.648 136.494-135.802-0.002-74.742-61.024-136.076-136.494-136.076zM0.156 347.93v196.258c127.784 0 247.958 49.972 338.458 140.512 90.384 90.318 140.282 211.036 140.282 339.3h197.122c-0.002-372.82-303.282-676.070-675.862-676.070zM0.388 0v196.356c455.782 0 826.756 371.334 826.756 827.644h196.856c0-564.47-459.254-1024-1023.612-1024z"
        ],
        "tags": [
          "feed",
          "rss",
          "social"
        ],
        "defaultCode": 60059,
        "grid": 16,
        "attrs": []
      },
      "attrs": [],
      "properties": {
        "ligatures": "feed2, rss",
        "name": "rss",
        "order": 8,
        "id": 412,
        "prevSize": 32,
        "code": 60059
      },
      "setIdx": 0,
      "setId": 1,
      "iconIdx": 411
    },
    {
      "icon": {
        "paths": [
          "M1013.8 307.2c0 0-10-70.6-40.8-101.6-39-40.8-82.6-41-102.6-43.4-143.2-10.4-358.2-10.4-358.2-10.4h-0.4c0 0-215 0-358.2 10.4-20 2.4-63.6 2.6-102.6 43.4-30.8 31-40.6 101.6-40.6 101.6s-10.2 82.8-10.2 165.8v77.6c0 82.8 10.2 165.8 10.2 165.8s10 70.6 40.6 101.6c39 40.8 90.2 39.4 113 43.8 82 7.8 348.2 10.2 348.2 10.2s215.2-0.4 358.4-10.6c20-2.4 63.6-2.6 102.6-43.4 30.8-31 40.8-101.6 40.8-101.6s10.2-82.8 10.2-165.8v-77.6c-0.2-82.8-10.4-165.8-10.4-165.8zM406.2 644.8v-287.8l276.6 144.4-276.6 143.4z"
        ],
        "tags": [
          "youtube",
          "brand",
          "social"
        ],
        "defaultCode": 60061,
        "grid": 16,
        "attrs": []
      },
      "attrs": [],
      "properties": {
        "ligatures": "youtube, brand21",
        "name": "youtube",
        "order": 9,
        "id": 414,
        "prevSize": 32,
        "code": 60061
      },
      "setIdx": 0,
      "setId": 1,
      "iconIdx": 413
    },
    {
      "icon": {
        "paths": [
          "M512.008 12.642c-282.738 0-512.008 229.218-512.008 511.998 0 226.214 146.704 418.132 350.136 485.836 25.586 4.738 34.992-11.11 34.992-24.632 0-12.204-0.48-52.542-0.696-95.324-142.448 30.976-172.504-60.41-172.504-60.41-23.282-59.176-56.848-74.916-56.848-74.916-46.452-31.778 3.51-31.124 3.51-31.124 51.4 3.61 78.476 52.766 78.476 52.766 45.672 78.27 119.776 55.64 149.004 42.558 4.588-33.086 17.852-55.68 32.506-68.464-113.73-12.942-233.276-56.85-233.276-253.032 0-55.898 20.004-101.574 52.76-137.428-5.316-12.9-22.854-64.972 4.952-135.5 0 0 43.006-13.752 140.84 52.49 40.836-11.348 84.636-17.036 128.154-17.234 43.502 0.198 87.336 5.886 128.256 17.234 97.734-66.244 140.656-52.49 140.656-52.49 27.872 70.528 10.35 122.6 5.036 135.5 32.82 35.856 52.694 81.532 52.694 137.428 0 196.654-119.778 239.95-233.79 252.624 18.364 15.89 34.724 47.046 34.724 94.812 0 68.508-0.596 123.644-0.596 140.508 0 13.628 9.222 29.594 35.172 24.566 203.322-67.776 349.842-259.626 349.842-485.768 0-282.78-229.234-511.998-511.992-511.998z"
        ],
        "tags": [
          "github",
          "brand",
          "octacat",
          "social"
        ],
        "defaultCode": 60080,
        "grid": 16,
        "attrs": []
      },
      "attrs": [],
      "properties": {
        "ligatures": "github, brand40",
        "name": "github",
        "order": 17,
        "id": 433,
        "prevSize": 32,
        "code": 60080
      },
      "setIdx": 0,
      "setId": 1,
      "iconIdx": 432
    },
    {
      "icon": {
        "paths": [
          "M567.656 736.916c-81.944 38.118-158.158 37.716-209.34 34.020-61.052-4.41-110.158-21.124-131.742-35.732-13.3-9.006-31.384-5.522-40.39 7.782-9.004 13.302-5.52 31.386 7.782 40.39 34.698 23.486 96.068 40.954 160.162 45.58 10.866 0.784 22.798 1.278 35.646 1.278 55.782 0 126.626-5.316 202.42-40.57 14.564-6.778 20.878-24.074 14.104-38.64-6.776-14.566-24.076-20.872-38.642-14.108zM890.948 693.816c2.786-252.688 28.762-730.206-454.97-691.612-477.6 38.442-350.964 542.968-358.082 711.95-6.308 89.386-35.978 198.648-77.896 309.846h129.1c13.266-47.122 23.024-93.72 27.232-138.15 7.782 5.428 16.108 10.674 24.994 15.7 14.458 8.518 26.884 19.844 40.040 31.834 30.744 28.018 65.59 59.774 133.712 63.752 4.572 0.262 9.174 0.394 13.676 0.394 68.896 0 116.014-30.154 153.878-54.382 18.14-11.612 33.818-21.64 48.564-26.452 41.91-13.12 78.532-34.296 105.904-61.252 4.276-4.208 8.242-8.538 11.962-12.948 15.246 55.878 36.118 118.758 59.288 181.504h275.65c-66.174-102.224-134.436-202.374-133.052-330.184zM124.11 556.352c0-0.016 0-0.030-0.002-0.046-4.746-82.462 34.71-151.832 88.126-154.936 53.412-3.106 100.56 61.228 105.304 143.692 0 0.014 0.004 0.030 0.004 0.044 0.256 4.446 0.368 8.846 0.37 13.206-16.924 4.256-32.192 10.436-45.872 17.63-0.052-0.612-0.092-1.216-0.152-1.83 0-0.008 0-0.018 0-0.026-4.57-46.81-29.572-82.16-55.852-78.958-26.28 3.204-43.88 43.75-39.312 90.558 0 0.010 0.004 0.018 0.004 0.026 1.992 20.408 7.868 38.636 16.042 52.444-2.034 1.604-7.784 5.812-14.406 10.656-4.97 3.634-11.020 8.058-18.314 13.43-19.882-26.094-33.506-63.58-35.94-105.89zM665.26 760.178c-1.9 43.586-58.908 84.592-111.582 101.044l-0.296 0.096c-21.9 7.102-41.428 19.6-62.104 32.83-34.732 22.224-70.646 45.208-122.522 45.208-3.404 0-6.894-0.104-10.326-0.296-47.516-2.778-69.742-23.032-97.88-48.676-14.842-13.526-30.19-27.514-49.976-39.124l-0.424-0.244c-42.706-24.104-69.212-54.082-70.908-80.194-0.842-12.98 4.938-24.218 17.182-33.4 26.636-19.972 44.478-33.022 56.284-41.658 13.11-9.588 17.068-12.48 20-15.264 2.096-1.986 4.364-4.188 6.804-6.562 24.446-23.774 65.36-63.562 128.15-63.562 38.404 0 80.898 14.8 126.17 43.902 21.324 13.878 39.882 20.286 63.38 28.4 16.156 5.578 34.468 11.902 58.992 22.404l0.396 0.164c22.88 9.404 49.896 26.564 48.66 54.932zM652.646 657.806c-4.4-2.214-8.974-4.32-13.744-6.286-22.106-9.456-39.832-15.874-54.534-20.998 8.116-15.894 13.16-35.72 13.624-57.242 0-0.010 0-0.022 0-0.030 1.126-52.374-25.288-94.896-58.996-94.976-33.71-0.078-61.95 42.314-63.076 94.686 0 0.010 0 0.018 0 0.028-0.038 1.714-0.042 3.416-0.020 5.11-20.762-9.552-41.18-16.49-61.166-20.76-0.092-1.968-0.204-3.932-0.244-5.92 0-0.016 0-0.036 0-0.050-1.938-95.412 56.602-174.39 130.754-176.402 74.15-2.014 135.828 73.7 137.772 169.11 0 0.018 0 0.038 0 0.052 0.874 43.146-10.66 82.866-30.37 113.678z"
        ],
        "tags": [
          "tux",
          "brand",
          "linux"
        ],
        "defaultCode": 60093,
        "grid": 16,
        "attrs": []
      },
      "attrs": [],
      "properties": {
        "ligatures": "tux, brand52",
        "name": "tux",
        "order": 18,
        "id": 446,
        "prevSize": 32,
        "code": 60093
      },
      "setIdx": 0,
      "setId": 1,
      "iconIdx": 445
    },
    {
      "icon": {
        "paths": [
          "M896 384c-35.2 0-64 28.8-64 64v256c0 35.2 28.8 64 64 64s64-28.8 64-64v-256c0-35.2-28.8-64-64-64zM128 384c-35.2 0-64 28.8-64 64v256c0 35.2 28.8 64 64 64s64-28.8 64-64v-256c0-35.2-28.802-64-64-64zM224 736c0 53.020 42.98 96 96 96v0 128c0 35.2 28.8 64 64 64s64-28.8 64-64v-128h128v128c0 35.2 28.8 64 64 64s64-28.8 64-64v-128c53.020 0 96-42.98 96-96v-352h-576v352z",
          "M798.216 320.002c-9.716-87.884-59.004-163.792-129.62-209.646l32.024-64.046c7.904-15.806 1.496-35.028-14.31-42.932s-35.030-1.496-42.932 14.312l-32.142 64.286-8.35-3.316c-28.568-9.502-59.122-14.66-90.886-14.66-31.762 0-62.316 5.158-90.888 14.656l-8.348 3.316-32.142-64.282c-7.904-15.808-27.128-22.212-42.932-14.312-15.808 7.904-22.214 27.126-14.312 42.932l32.022 64.046c-70.616 45.852-119.904 121.762-129.622 209.644v32h574.222v-31.998h-1.784zM416 256c-17.674 0-32-14.328-32-32 0-17.648 14.288-31.958 31.93-31.996 0.032 0 0.062 0.002 0.094 0.002 0.018 0 0.036-0.002 0.052-0.002 17.638 0.042 31.924 14.35 31.924 31.996 0 17.672-14.326 32-32 32zM608 256c-17.674 0-32-14.328-32-32 0-17.646 14.286-31.954 31.924-31.996 0.016 0 0.034 0.002 0.050 0.002 0.032 0 0.064-0.002 0.096-0.002 17.64 0.038 31.93 14.348 31.93 31.996 0 17.672-14.326 32-32 32z"
        ],
        "tags": [
          "android",
          "brand",
          "os",
          "mobile"
        ],
        "defaultCode": 60096,
        "grid": 16,
        "attrs": []
      },
      "attrs": [],
      "properties": {
        "ligatures": "android, brand55",
        "name": "android",
        "order": 19,
        "id": 449,
        "prevSize": 32,
        "code": 60096
      },
      "setIdx": 0,
      "setId": 1,
      "iconIdx": 448
    },
    {
      "icon": {
        "paths": [
          "M0.35 512l-0.35-312.074 384-52.144v364.218zM448 138.482l511.872-74.482v448h-511.872zM959.998 576l-0.126 448-511.872-72.016v-375.984zM384 943.836l-383.688-52.594-0.020-315.242h383.708z"
        ],
        "tags": [
          "windows8",
          "brand",
          "os"
        ],
        "defaultCode": 60098,
        "grid": 16,
        "attrs": []
      },
      "attrs": [],
      "properties": {
        "ligatures": "windows8, brand57",
        "name": "windows8",
        "order": 21,
        "id": 451,
        "prevSize": 32,
        "code": 60098
      },
      "setIdx": 0,
      "setId": 1,
      "iconIdx": 450
    },
    {
      "icon": {
        "paths": [
          "M891.96 514.204c-18.086 0-35.348 3.52-51.064 9.856-10.506-114.358-110.29-204.060-232-204.060-29.786 0-58.682 5.63-84.318 15.164-9.96 3.702-12.578 7.52-12.578 14.916v402.714c0 7.766 6.24 14.234 14.124 14.996 0.336 0.034 363.536 0.21 365.89 0.21 72.904 0 131.986-56.816 131.986-126.894s-59.134-126.902-132.040-126.902zM400 768h32l16-224.22-16-223.78h-32l-16 223.78zM304 768h-32l-16-162.75 16-157.25h32l16 160zM144 768h32l16-128-16-128h-32l-16 128zM16 704h32l16-64-16-64h-32l-16 64z"
        ],
        "tags": [
          "soundcloud",
          "brand",
          "social"
        ],
        "defaultCode": 60099,
        "grid": 16,
        "attrs": []
      },
      "attrs": [],
      "properties": {
        "ligatures": "soundcloud, brand58",
        "name": "soundcloud",
        "order": 20,
        "id": 452,
        "prevSize": 32,
        "code": 60099
      },
      "setIdx": 0,
      "setId": 1,
      "iconIdx": 451
    },
    {
      "icon": {
        "paths": [
          "M384 384h177.106v90.782h2.532c24.64-44.194 84.958-90.782 174.842-90.782 186.946 0 221.52 116.376 221.52 267.734v308.266h-184.61v-273.278c0-65.184-1.334-149.026-96.028-149.026-96.148 0-110.82 70.986-110.82 144.292v278.012h-184.542v-576z",
          "M64 384h192v576h-192v-576z",
          "M256 224c0 53.019-42.981 96-96 96s-96-42.981-96-96c0-53.019 42.981-96 96-96s96 42.981 96 96z"
        ],
        "tags": [
          "linkedin",
          "brand",
          "social"
        ],
        "defaultCode": 60106,
        "grid": 16,
        "attrs": []
      },
      "attrs": [],
      "properties": {
        "ligatures": "linkedin2, brand65",
        "name": "linkedin2",
        "order": 22,
        "id": 459,
        "prevSize": 32,
        "code": 60106
      },
      "setIdx": 0,
      "setId": 1,
      "iconIdx": 458
    },
    {
      "icon": {
        "paths": [
          "M512 0c-282.4 0-512 229.6-512 512s229.6 512 512 512 512-229.6 512-512-229.6-512-512-512zM512 955.6c-45.8 0-89.8-7-131.4-19.8 18-29.4 45.2-77.8 55.2-116.2 5.4-20.8 27.6-105.4 27.6-105.4 14.4 27.6 56.8 51 101.6 51 133.8 0 230.2-123 230.2-276 0-146.6-119.6-256.2-273.4-256.2-191.4 0-293 128.6-293 268.4 0 65 34.6 146 90 171.8 8.4 4 12.8 2.2 14.8-6 1.4-6.2 9-36.2 12.4-50.4 1-4.4 0.6-8.4-3-12.8-18.4-22.2-33-63.2-33-101.2 0-97.8 74-192.6 200.2-192.6 109 0 185.2 74.2 185.2 180.4 0 120-60.6 203.2-139.4 203.2-43.6 0-76.2-36-65.6-80.2 12.6-52.8 36.8-109.6 36.8-147.6 0-34-18.2-62.4-56.2-62.4-44.6 0-80.2 46-80.2 107.8 0 39.2 13.2 65.8 13.2 65.8s-44 185.8-52 220.4c-9 38.4-5.4 92.2-1.6 127.2-165-64.4-282-224.8-282-412.8 0-245 198.6-443.6 443.6-443.6s443.6 198.6 443.6 443.6c0 245-198.6 443.6-443.6 443.6z"
        ],
        "tags": [
          "pinterest",
          "brand",
          "social"
        ],
        "defaultCode": 60114,
        "grid": 16,
        "attrs": []
      },
      "attrs": [],
      "properties": {
        "ligatures": "pinterest2, brand73",
        "name": "pinterest2",
        "order": 14,
        "id": 467,
        "prevSize": 32,
        "code": 60114
      },
      "setIdx": 0,
      "setId": 1,
      "iconIdx": 466
    },
    {
      "icon": {
        "paths": [
          "M842.012 589.48c-13.648-13.446-43.914-20.566-89.972-21.172-31.178-0.344-68.702 2.402-108.17 7.928-17.674-10.198-35.892-21.294-50.188-34.658-38.462-35.916-70.568-85.772-90.576-140.594 1.304-5.12 2.414-9.62 3.448-14.212 0 0 21.666-123.060 15.932-164.666-0.792-5.706-1.276-7.362-2.808-11.796l-1.882-4.834c-5.894-13.592-17.448-27.994-35.564-27.208l-10.916-0.344c-20.202 0-36.664 10.332-40.986 25.774-13.138 48.434 0.418 120.892 24.98 214.738l-6.288 15.286c-17.588 42.876-39.63 86.060-59.078 124.158l-2.528 4.954c-20.46 40.040-39.026 74.028-55.856 102.822l-17.376 9.188c-1.264 0.668-31.044 16.418-38.028 20.644-59.256 35.38-98.524 75.542-105.038 107.416-2.072 10.17-0.53 23.186 10.014 29.212l16.806 8.458c7.292 3.652 14.978 5.502 22.854 5.502 42.206 0 91.202-52.572 158.698-170.366 77.93-25.37 166.652-46.458 244.412-58.090 59.258 33.368 132.142 56.544 178.142 56.544 8.168 0 15.212-0.78 20.932-2.294 8.822-2.336 16.258-7.368 20.792-14.194 8.926-13.432 10.734-31.932 8.312-50.876-0.72-5.622-5.21-12.574-10.068-17.32zM211.646 814.048c7.698-21.042 38.16-62.644 83.206-99.556 2.832-2.296 9.808-8.832 16.194-14.902-47.104 75.124-78.648 105.066-99.4 114.458zM478.434 199.686c13.566 0 21.284 34.194 21.924 66.254s-6.858 54.56-16.158 71.208c-7.702-24.648-11.426-63.5-11.426-88.904 0 0-0.566-48.558 5.66-48.558v0zM398.852 637.494c9.45-16.916 19.282-34.756 29.33-53.678 24.492-46.316 39.958-82.556 51.478-112.346 22.91 41.684 51.444 77.12 84.984 105.512 4.186 3.542 8.62 7.102 13.276 10.65-68.21 13.496-127.164 29.91-179.068 49.862v0zM828.902 633.652c-4.152 2.598-16.052 4.1-23.708 4.1-24.708 0-55.272-11.294-98.126-29.666 16.468-1.218 31.562-1.838 45.102-1.838 24.782 0 32.12-0.108 56.35 6.072 24.228 6.18 24.538 18.734 20.382 21.332v0z",
          "M917.806 229.076c-22.21-30.292-53.174-65.7-87.178-99.704s-69.412-64.964-99.704-87.178c-51.574-37.82-76.592-42.194-90.924-42.194h-496c-44.112 0-80 35.888-80 80v864c0 44.112 35.886 80 80 80h736c44.112 0 80-35.888 80-80v-624c0-14.332-4.372-39.35-42.194-90.924v0zM785.374 174.626c30.7 30.7 54.8 58.398 72.58 81.374h-153.954v-153.946c22.982 17.78 50.678 41.878 81.374 72.572v0zM896 944c0 8.672-7.328 16-16 16h-736c-8.672 0-16-7.328-16-16v-864c0-8.672 7.328-16 16-16 0 0 495.956-0.002 496 0v224c0 17.672 14.324 32 32 32h224v624z"
        ],
        "tags": [
          "file-pdf",
          "file",
          "file-format"
        ],
        "defaultCode": 60127,
        "grid": 16,
        "attrs": []
      },
      "attrs": [],
      "properties": {
        "ligatures": "file-pdf, file10",
        "name": "file-pdf",
        "order": 16,
        "id": 480,
        "prevSize": 32,
        "code": 60127
      },
      "setIdx": 0,
      "setId": 1,
      "iconIdx": 479
    },
    {
      "icon": {
        "paths": [
          "M60.538 0l82.144 921.63 368.756 102.37 369.724-102.524 82.3-921.476h-902.924zM810.762 862.824l-297.226 82.376v0.466l-0.776-0.234-0.782 0.234v-0.466l-297.222-82.376-70.242-787.486h736.496l-70.248 787.486zM650.754 530.204l-13.070 146.552-126.21 34.070-125.862-33.916-8.050-90.234h-113.49l15.83 177.512 232.076 64.176 231.342-64.176 31.040-347.012h-411.966l-10.302-115.748h432.534l10.112-113.026h-566.218l30.498 341.802z"
        ],
        "tags": [
          "html-five",
          "w3c"
        ],
        "defaultCode": 60133,
        "grid": 16,
        "attrs": []
      },
      "attrs": [],
      "properties": {
        "ligatures": "html-five2, w3c2",
        "name": "html-five2",
        "order": 15,
        "id": 486,
        "prevSize": 32,
        "code": 60133
      },
      "setIdx": 0,
      "setId": 1,
      "iconIdx": 485
    },
    {
      "icon": {
        "paths": [
          "M152.388 48.522l-34.36 171.926h699.748l-21.884 111.054h-700.188l-33.892 171.898h699.684l-39.018 196.064-282.012 93.422-244.4-93.422 16.728-85.042h-171.898l-40.896 206.352 404.226 154.704 466.006-154.704 153.768-772.252z"
        ],
        "tags": [
          "css3",
          "w3c"
        ],
        "defaultCode": 60134,
        "grid": 16,
        "attrs": []
      },
      "attrs": [],
      "properties": {
        "ligatures": "css3, w3c3",
        "name": "css3",
        "order": 7,
        "id": 487,
        "prevSize": 32,
        "code": 60134
      },
      "setIdx": 0,
      "setId": 1,
      "iconIdx": 486
    },
    {
      "icon": {
        "paths": [
          "M1004.692 466.394l-447.096-447.080c-25.738-25.754-67.496-25.754-93.268 0l-103.882 103.876 78.17 78.17c12.532-5.996 26.564-9.36 41.384-9.36 53.020 0 96 42.98 96 96 0 14.82-3.364 28.854-9.362 41.386l127.976 127.974c12.532-5.996 26.566-9.36 41.386-9.36 53.020 0 96 42.98 96 96s-42.98 96-96 96-96-42.98-96-96c0-14.82 3.364-28.854 9.362-41.386l-127.976-127.974c-3.042 1.456-6.176 2.742-9.384 3.876v266.968c37.282 13.182 64 48.718 64 90.516 0 53.020-42.98 96-96 96s-96-42.98-96-96c0-41.796 26.718-77.334 64-90.516v-266.968c-37.282-13.18-64-48.72-64-90.516 0-14.82 3.364-28.852 9.36-41.384l-78.17-78.17-295.892 295.876c-25.75 25.776-25.75 67.534 0 93.288l447.12 447.080c25.738 25.75 67.484 25.75 93.268 0l445.006-445.006c25.758-25.762 25.758-67.54-0.002-93.29z"
        ],
        "tags": [
          "git",
          "brand"
        ],
        "defaultCode": 60135,
        "grid": 16,
        "attrs": []
      },
      "attrs": [],
      "properties": {
        "ligatures": "git, brand80",
        "name": "git",
        "order": 24,
        "id": 488,
        "prevSize": 32,
        "code": 60135
      },
      "setIdx": 0,
      "setId": 1,
      "iconIdx": 487
    },
    {
      "icon": {
        "paths": [
          "M945.75 368.042l-448-298.666c-10.748-7.166-24.752-7.166-35.5 0l-448 298.666c-8.902 5.934-14.25 15.926-14.25 26.624v298.666c0 10.7 5.348 20.692 14.25 26.624l448 298.666c5.374 3.584 11.562 5.376 17.75 5.376s12.376-1.792 17.75-5.376l448-298.666c8.902-5.934 14.25-15.926 14.25-26.624v-298.666c0-10.698-5.348-20.69-14.25-26.624zM480 654.876l-166.312-110.876 166.312-110.874 166.312 110.874-166.312 110.876zM512 377.542v-221.75l358.31 238.876-166.31 110.874-192-128zM448 377.542l-192 128-166.312-110.874 358.312-238.876v221.75zM198.312 544l-134.312 89.542v-179.082l134.312 89.54zM256 582.458l192 128v221.748l-358.312-238.872 166.312-110.876zM512 710.458l192-128 166.312 110.876-358.312 238.874v-221.75zM761.688 544l134.312-89.54v179.084l-134.312-89.544z"
        ],
        "tags": [
          "codepen",
          "brand"
        ],
        "defaultCode": 60136,
        "grid": 16,
        "attrs": []
      },
      "attrs": [],
      "properties": {
        "ligatures": "codepen, brand81",
        "name": "codepen",
        "order": 23,
        "id": 489,
        "prevSize": 32,
        "code": 60136
      },
      "setIdx": 0,
      "setId": 1,
      "iconIdx": 488
    }
  ],
  "height": 1024,
  "metadata": {
    "name": "icomoon"
  },
  "preferences": {
    "showGlyphs": true,
    "showQuickUse": true,
    "showQuickUse2": true,
    "showSVGs": true,
    "fontPref": {
      "prefix": "icon-",
      "metadata": {
        "fontFamily": "icomoon"
      },
      "metrics": {
        "emSize": 1024,
        "baseline": 6.25,
        "whitespace": 50
      },
      "embed": false
    },
    "imagePref": {
      "prefix": "icon-",
      "png": true,
      "useClassSelector": true,
      "color": 0,
      "bgColor": 16777215,
      "classSelector": ".icon"
    },
    "historySize": 50,
    "showCodes": true,
    "gridSize": 16
  }
}